# {"t_start": 1673964687.020239, "env_id": "BreakoutNoFrameskip-v4"} 
r,l,t
1.0,152,1.12732
1.0,177,2.179313
