# {"t_start": 1673964687.022898, "env_id": "BreakoutNoFrameskip-v4"} 
r,l,t
0.0,127,0.952364
1.0,173,2.034566
