# {"t_start": 1673964687.0116491, "env_id": "BreakoutNoFrameskip-v4"} 
r,l,t
0.0,129,0.989748
1.0,157,1.970547
