# {"t_start": 1673964687.057627, "env_id": "BreakoutNoFrameskip-v4"} 
r,l,t
0.0,129,0.943769
3.0,248,2.377121
