# {"t_start": 1673964687.074324, "env_id": "BreakoutNoFrameskip-v4"} 
r,l,t
0.0,129,0.927064
0.0,127,1.686425
